id,name
2975,Laurence Fishburne
6384,Keanu Reeves
530,Carrie-Anne Moss
8349,Martin Sheen
8351,Frederic Forrest
8354,Albert Hall
1107983,Martin Luther King Jr.
52057,Obba Babatundé
110380,Colin Powell
18471,Anthony Anderson
74611,Tracee Ellis Ross
1407498,Marsai Martin
1357063,Darrin Prescott
40644,Chad Stahelski
1779512,Jackson Spidell
21127,Bobby Cannavale
1692944,Heidi Schreck
64,Gary Oldman
1776,Francis Ford Coppola
38803,Roman Coppola
20215,Billy Campbell
2130,Cary Elwes
529,Guy Pearce
532,Joe Pantoliano
1278399,Joseph Steven
1659326,Teresa Modnick
26466,Caroline Kava
18269,Brendan Fraser
5606,Sissy Spacek
5632,Jack Fisk
1179102,Kathleen Kennedy
11367,Bradley Whitford
31028,Richard Schiff
1397846,Craig Barron
2166741,Robert A. Baum Jr.
3266,Joe Mantegna
36059,Joanna Pacula
21010,Alexandra Hay
101032,Rod McCary
98569,Vincent Van Patten
2080584,Ben Jorgensen
103835,Jeff Monahan
6717,James Marshall
928944,Coleman Barks
2022250,Robert Bly
9979,Peter Coyote
514,Jack Nicholson
6193,Leonardo DiCaprio
1892,Matt Damon
2641,Martin Landau
92029,Gabriel Bologna
218506,Gretchen Becker
2098136,Brian Becker
2098137,Richard Becker
2098138,Blase Bonpane
181934,Al Sharpton
496175,Carmelo Anthony
1280183,Coretta Scott King
1006651,John Lewis
237876,Sarah-Jane Sauvegrain
180659,Rosa Parks
1165240,Jason Alan Carvell
2787630,Valentin Zorin
89289,Jesse Jackson
2102583,Andrew Cohen
73988,Lyndon B. Johnson
21111,John F. Kennedy
2803017,Arthur John Birch
2803001,Haroldson Lafayette Hunt
4193575,Maxime Demigné
4193577,Gabin Clerc
4193578,Tom Chabeau
2954,Jeffrey Wright
33663,Donald Trump
2301996,Mike Pence
214317,Ben Bradlee
13716,Carl Bernstein
117180,Tom Brokaw
23626,Liev Schreiber
937663,Neil Amdur
1931175,Bob Beamon
12951,O.J. Simpson
2998183,Nicole Brown Simpson
1231277,Marcia Clark
60158,Shirley Jones
24810,Pat Boone
2535,Vivica A. Fox
225620,Rudolph Moise
1683093,Terayle Hill
79538,Khalil Kain
1562353,Erica Mena
1038,Jodie Foster
4173,Anthony Hopkins
349,Scott Glenn
4587,Halle Berry
9780,Angela Bassett
19011,George W. Bush
146687,Tony Blair
74266,Dick Cheney
1507609,Bob Coen
1507612,Francis E. Boyle
1507613,Jean Patterson
1122373,Marion Barry Jr.
1122374,Chuck Brown
1122375,Lewis Franklin
1897,Bernie Mac
77896,Bill Bellamy
2395,Whoopi Goldberg
1735828,Halle Bailey
53397,Christina Aguilera
1224841,Mo Willems
539,Thomas Lennon
111513,Yvette Nicole Brown
2682390,Gerd Ludwig
2227,Nicole Kidman
4430,Sharon Stone
14837,Carol Burnett
5823,Julie Andrews
3141,Marisa Tomei
449538,Adele
13309,Oprah Winfrey
1661465,Lizzo
102786,Barack Obama
128550,Desmond Tutu
2320880,Sundar Pichai
